Text_ID	ID	Date	Newspaper	Article	Publisher	Volume	Issue	URN	URL	Lang	Quality	Image	
PressMint-BG_1908-05-16-6SEP	PressMint-BG_1908-05-16-6SEP.p1	1908-05-16				1	1		https://digital.libplovdiv.com/asset/default/666f0f9b-ed98-4eb3-9179-e45f363daf0b.pdf	български		https://digital.libplovdiv.com/asset/default/666f0f9b-ed98-4eb3-9179-e45f363daf0b.pdf#page=1
PressMint-BG_1908-05-16-6SEP	PressMint-BG_1908-05-16-6SEP.p2	1908-05-16				1	1		https://digital.libplovdiv.com/asset/default/666f0f9b-ed98-4eb3-9179-e45f363daf0b.pdf	български		https://digital.libplovdiv.com/asset/default/666f0f9b-ed98-4eb3-9179-e45f363daf0b.pdf#page=1
PressMint-BG_1908-05-16-6SEP	PressMint-BG_1908-05-16-6SEP.p3	1908-05-16				1	1		https://digital.libplovdiv.com/asset/default/666f0f9b-ed98-4eb3-9179-e45f363daf0b.pdf	български		https://digital.libplovdiv.com/asset/default/666f0f9b-ed98-4eb3-9179-e45f363daf0b.pdf#page=1
PressMint-BG_1908-05-16-6SEP	PressMint-BG_1908-05-16-6SEP.p4	1908-05-16				1	1		https://digital.libplovdiv.com/asset/default/666f0f9b-ed98-4eb3-9179-e45f363daf0b.pdf	български		https://digital.libplovdiv.com/asset/default/666f0f9b-ed98-4eb3-9179-e45f363daf0b.pdf#page=1
PressMint-BG_1908-05-16-6SEP	PressMint-BG_1908-05-16-6SEP.p5	1908-05-16				1	1		https://digital.libplovdiv.com/asset/default/666f0f9b-ed98-4eb3-9179-e45f363daf0b.pdf	български		https://digital.libplovdiv.com/asset/default/666f0f9b-ed98-4eb3-9179-e45f363daf0b.pdf#page=1
PressMint-BG_1908-05-16-6SEP	PressMint-BG_1908-05-16-6SEP.p6	1908-05-16				1	1		https://digital.libplovdiv.com/asset/default/666f0f9b-ed98-4eb3-9179-e45f363daf0b.pdf	български		https://digital.libplovdiv.com/asset/default/666f0f9b-ed98-4eb3-9179-e45f363daf0b.pdf#page=1
PressMint-BG_1908-05-16-6SEP	PressMint-BG_1908-05-16-6SEP.p7	1908-05-16				1	1		https://digital.libplovdiv.com/asset/default/666f0f9b-ed98-4eb3-9179-e45f363daf0b.pdf	български		https://digital.libplovdiv.com/asset/default/666f0f9b-ed98-4eb3-9179-e45f363daf0b.pdf#page=1
PressMint-BG_1908-05-16-6SEP	PressMint-BG_1908-05-16-6SEP.p8	1908-05-16				1	1		https://digital.libplovdiv.com/asset/default/666f0f9b-ed98-4eb3-9179-e45f363daf0b.pdf	български		https://digital.libplovdiv.com/asset/default/666f0f9b-ed98-4eb3-9179-e45f363daf0b.pdf#page=1
PressMint-BG_1908-05-16-6SEP	PressMint-BG_1908-05-16-6SEP.p9	1908-05-16				1	1		https://digital.libplovdiv.com/asset/default/666f0f9b-ed98-4eb3-9179-e45f363daf0b.pdf	български		https://digital.libplovdiv.com/asset/default/666f0f9b-ed98-4eb3-9179-e45f363daf0b.pdf#page=1
PressMint-BG_1908-05-16-6SEP	PressMint-BG_1908-05-16-6SEP.p155	1908-05-16				1	1		https://digital.libplovdiv.com/asset/default/666f0f9b-ed98-4eb3-9179-e45f363daf0b.pdf	български		https://digital.libplovdiv.com/asset/default/666f0f9b-ed98-4eb3-9179-e45f363daf0b.pdf#page=1
PressMint-BG_1908-05-16-6SEP	PressMint-BG_1908-05-16-6SEP.p156	1908-05-16				1	1		https://digital.libplovdiv.com/asset/default/666f0f9b-ed98-4eb3-9179-e45f363daf0b.pdf	български		https://digital.libplovdiv.com/asset/default/666f0f9b-ed98-4eb3-9179-e45f363daf0b.pdf#page=1
PressMint-BG_1908-05-16-6SEP	PressMint-BG_1908-05-16-6SEP.p157	1908-05-16				1	1		https://digital.libplovdiv.com/asset/default/666f0f9b-ed98-4eb3-9179-e45f363daf0b.pdf	български		https://digital.libplovdiv.com/asset/default/666f0f9b-ed98-4eb3-9179-e45f363daf0b.pdf#page=1
PressMint-BG_1908-05-16-6SEP	PressMint-BG_1908-05-16-6SEP.p158	1908-05-16				1	1		https://digital.libplovdiv.com/asset/default/666f0f9b-ed98-4eb3-9179-e45f363daf0b.pdf	български		https://digital.libplovdiv.com/asset/default/666f0f9b-ed98-4eb3-9179-e45f363daf0b.pdf#page=1
PressMint-BG_1908-05-16-6SEP	PressMint-BG_1908-05-16-6SEP.p159	1908-05-16				1	1		https://digital.libplovdiv.com/asset/default/666f0f9b-ed98-4eb3-9179-e45f363daf0b.pdf	български		https://digital.libplovdiv.com/asset/default/666f0f9b-ed98-4eb3-9179-e45f363daf0b.pdf#page=1
PressMint-BG_1908-05-16-6SEP	PressMint-BG_1908-05-16-6SEP.p160	1908-05-16				1	1		https://digital.libplovdiv.com/asset/default/666f0f9b-ed98-4eb3-9179-e45f363daf0b.pdf	български		https://digital.libplovdiv.com/asset/default/666f0f9b-ed98-4eb3-9179-e45f363daf0b.pdf#page=1
PressMint-BG_1908-05-16-6SEP	PressMint-BG_1908-05-16-6SEP.p161	1908-05-16				1	1		https://digital.libplovdiv.com/asset/default/666f0f9b-ed98-4eb3-9179-e45f363daf0b.pdf	български		https://digital.libplovdiv.com/asset/default/666f0f9b-ed98-4eb3-9179-e45f363daf0b.pdf#page=1
PressMint-BG_1908-05-16-6SEP	PressMint-BG_1908-05-16-6SEP.p162	1908-05-16				1	1		https://digital.libplovdiv.com/asset/default/666f0f9b-ed98-4eb3-9179-e45f363daf0b.pdf	български		https://digital.libplovdiv.com/asset/default/666f0f9b-ed98-4eb3-9179-e45f363daf0b.pdf#page=1
PressMint-BG_1908-05-16-6SEP	PressMint-BG_1908-05-16-6SEP.p163	1908-05-16				1	1		https://digital.libplovdiv.com/asset/default/666f0f9b-ed98-4eb3-9179-e45f363daf0b.pdf	български		https://digital.libplovdiv.com/asset/default/666f0f9b-ed98-4eb3-9179-e45f363daf0b.pdf#page=1
PressMint-BG_1908-05-16-6SEP	PressMint-BG_1908-05-16-6SEP.p164	1908-05-16				1	1		https://digital.libplovdiv.com/asset/default/666f0f9b-ed98-4eb3-9179-e45f363daf0b.pdf	български		https://digital.libplovdiv.com/asset/default/666f0f9b-ed98-4eb3-9179-e45f363daf0b.pdf#page=1
